name,slug,bucket,why,detail,sector,status,url
8Sec,8sec,none,none:defunct,"8SEC closed in October 2025 after ten years and roughly 90 mobile games, and its own site is gone with it — 8sec.games now resolves to an OVHcloud ""Site not installed"" 404 behind a certificate issued to cluster103.hosting.ovh.net, so a verifying client cannot even complete the TLS handshake; only a leftover Netlify deploy of the marketing site still serves 8SEC content, and it answers every path with the same HTML homepage.",consumer,active,https://www.8sec.games/
Accenta,accenta,undisclosed,gated:customer-only-docs,"Accenta's effiPilot API reference is real and is Accenta's own — the login application at app.accenta.ai explicitly offers redirectTo=api%2Fdoc and search engines still index the page title ""documentation API effiPilot 2.16.3"" — but the /api/doc route is only served to an authenticated tenant session, so an anonymous GET returns {""message"":""Route not found""} and no machine-readable contract of any kind (OpenAPI, GraphQL, MCP, AsyncAPI, agent card, or any /.well-known/ document) is reachable on www.accenta.ai, app.accenta.ai or demo.accenta.ai.",ai-data,active,https://www.accenta.ai/
Acheel,acheel,undisclosed,gated:sales-gate,"Acheel's own partner FAQ answered ""Avez-vous des APIs ?"" with ""nous mettons à votre disposition nos APIs"", but that partner site (partners.acheel.com) now 301s to the Charlee broker marketing brand and the only route to the API is the broker partnership form at charlee.fr/registration — no reference, no base URL and no spec was ever published, and the broker console back.charlee.fr is a noindex login.",fintech-insurtech,active,https://www.acheel.com/
Acinq,acinq,programmable,published-contract,,blockchain,active,https://acinq.co/
Alkemics,alkemics,none,none:defunct,"Alkemics was fully absorbed by Salsify in October 2020 — alkemics.com and docs.alkemics.com now answer only HTTP 301 to salsify.com and docs.supplierxm.salsify.com, and api.alkemics.com returns NXDOMAIN, so there is no Alkemics-owned host left to serve a contract.",ai-data,acquired,https://www.alkemics.com/
Allo-Media,allo-media,programmable,published-contract,,ai-data,exited,https://www.allo-media.net/
AMI Labs,ami-labs,none,none:no-developer-program,"AMI Labs is a pre-product research lab whose entire web presence is two pages — its own sitemap.xml declares exactly https://amilabs.xyz and https://amilabs.xyz/updates — with no docs, no developer host in DNS, and a single March 2026 launch post that names no API, model release, or open-source repository.",ai-data,active,https://amilabs.xyz/
AramisAuto,aramisauto,programmable,published-contract,,consumer,acquired,https://www.aramisauto.com/
Arlettie,arlettie,programmable,contract-and-agent-surface,,consumer,exited,https://www.arlettie.com/
Bestmile,bestmile,none,none:defunct,"bestmile.com refuses HTTPS entirely and its HTTP/80 root serves a Gandi.net registrar parking page; api., docs., developer., platform. and app.bestmile.com are NXDOMAIN, and the surviving github.com/Bestmile org holds only forks of third-party OSS (secor, alpakka, chimney, squants) with no spec or SDK, because ZF Friedrichshafen absorbed the technology into SCALAR in November 2021.",ai-data,acquired,https://bestmile.com/
Bitstack,bitstack,none,none:no-developer-program,"Bitstack ships only a consumer iOS/Android Bitcoin savings app; api.bitstack-app.com resolves but answers a bare empty-bodied 404 on every path including its own root, and none of the 1,687 URLs in the published sitemap is a developer, docs, or API page.",blockchain,active,https://www.bitstack-app.com/
Bonitasoft,bonitasoft,programmable,published-contract,,saas,acquired,https://www.bonitasoft.com/
Boxy (ex-Storelift),getboxy,none,none:defunct,"SAS Storelift, the company behind the Boxy autonomous-store brand, entered liquidation judiciaire on 2024-11-06 and its getboxy.co domain is now parked on ParkingCrew nameservers answering HTTP 410 Gone on every path, so there is no surface left to profile and none was ever published.",consumer,active,https://www.getboxy.co/
Brigad,brigad,programmable,published-contract,,marketplace,active,https://brigad.co/
CarbonFarm,carbonfarm,programmable,published-contract,,climate-tech,active,https://www.carbonfarm.tech
Cheerz,cheerz,none,none:no-developer-program,"Cheerz is a consumer photo-printing retailer with no developer surface of any kind — the only HTTP 200 on any API-shaped path is www.cheerz.com/api-docs, which is the Google-OAuth sign-in screen for the internal ""Cheerz Admin"" back office rather than an API reference, no api. or developer. or docs. subdomain of cheerz.com resolves in DNS, the 418-URL English and 464-URL French sitemaps contain nothing but products, categories, collections, blog posts and four legal pages, robots.txt Disallows the /*/api/* private JSON backend its own SPA and mobile apps call, and no first-party client library exists on npm, PyPI, RubyGems or Packagist.",consumer,acquired,http://www.cheerz.com/
Clevergy,clevergy,programmable,published-contract,,climate-tech,active,https://clever.gy/fr/
Cloud Ex Machina,cloudexmachina,none,none:no-developer-program,"Cloud ex Machina is a real software company that ships a per-tenant SaaS product (Dex) and genuinely maintains public Docusaurus documentation, but it operates no developer program at all — no API reference among the 23 pages in its docs sitemap, no api.cloudexmachina.io host in DNS, no MCP server, no agent card, and no client SDK in any language registry; its only developer-facing distributables are AWS onboarding IaC (a Terraform Registry module at v0.6.0, a CloudFormation template, and a GitHub Action).",infrastructure,active,https://www.cloudexmachina.io/
Coachclub,coachclub,none,none:no-developer-program,"CoachClub ships a consumer fitness-video subscription and nothing else — the member application at mon.coachclub.com is a hosted Kajabi tenant (CNAME endpoint.mykajabi.com) that 404s every spec and .well-known path, and the only host named api.coachclub.com is a bare nginx catch-all on EC2 that answers 200 with a zero-byte body for every path, including a nonsense control path, so it serves no contract at all.",consumer,exited,http://www.coachclub.com/hp/
Cometh,cometh,undisclosed,api-listed-no-contract,,blockchain,active,https://www.cometh.io/
Coorpacademy,coorpacademy,programmable,published-contract,,saas,acquired,https://www.coorpacademy.com/
CybelAngel,cybelangel,programmable,published-contract,,ai-data,active,https://www.cybelangel.com/
Darewise,darewise,none,none:no-developer-program,"Darewise ships a consumer game and nothing else — the legacy brand host www.darewise.com now refuses TCP on both 443 and 80 (its last Internet Archive capture serving HTTP 200 is 2025-04-21), the live successor host www.lifebeyondstudios.com returns a real origin 404 for /llms.txt and for every /.well-known/* path while answering all HTML and API-shaped paths with a Cloudflare ""Just a moment..."" 403 interstitial, no api./docs./developer. subdomain resolves in DNS on either domain, and the studio's only first-party developer artifact anywhere is an unmaintained Apache-2.0 AsyncAPI generator template for Unreal Engine on npm (v0.1.3, 2023-12-11) — a code generator, not an API.",blockchain,acquired,https://www.darewise.com/
Dataiku,dataiku,programmable,published-contract,,ai-data,active,http://www.dataiku.com/
DeepIP,deepip,programmable,agent-surface-only,,ai-data,active,https://www.deepip.ai/
Descartes Underwriting,descartes-underwriting,none,none:no-developer-program,"Descartes Underwriting distributes bespoke parametric cover through corporate brokers and ships no public developer surface at all — /api, /docs, /developers, /openapi.json and every /.well-known/ path on descartesunderwriting.com return HTTP 404, no api./developer./docs./portal./ broker./app. subdomain resolves in DNS, and the company's seven public GitHub repositories are hiring technical tests and internal training rather than client SDKs.",climate-tech,active,https://descartesunderwriting.com/
DESKi,deski,none,none:no-developer-program,"DESKi ships regulated end-user software, not a platform: HeartFocus is an FDA-cleared iPhone/iPad app whose only machine-facing interface is a DICOM push to a PACS the customer configures in-app, and the DICOM conformance statement that would describe it is available only by emailing support@deski.ai — /openapi.json, /graphql, /llms.txt and every /.well-known/* path return a real 404 on www.heartfocus.ai and deski.ai, api./developer./link.heartfocus.ai do not resolve in DNS, docs.heartfocus.ai is an S3 bucket returning 403 AccessDenied, and portal.heartfocus.ai is a licence-management SPA that answers 200 with the same 467-byte HTML shell for every path probed.",healthtech,active,http://www.heartfocus.ai
Dotfile,dotfile,programmable,published-contract,,saas,active,https://www.dotfile.com/
Edgee,edgee,programmable,published-contract,,ai-data,active,https://www.edgee.cloud/
Educ-up,educ-up,none,none:no-developer-program,"The only software Educ-up operates is an end-user Moodle LMS at formation.edacademy.fr for enrolled Edacademy learners — its stock Moodle web-service endpoint answers 200 with errorcode ""invalidtoken"" but is Moodle's contract, token-gated and undocumented by Educ-up — while the corporate domain educ-up.fr now 302s to an IONOS parked page that returns the same 336-byte body for every path including nonsense ones, and the Domissori (WordPress) and Edacademy (Webflow) marketing sites carry no developer portal, no API reference and no spec at any probed location.",edtech,active,https://educ-up.fr/
Electra,go-electra,undisclosed,api-listed-no-contract,,climate-tech,active,https://www.go-electra.com/
Elium,elium,programmable,contract-and-agent-surface,,saas,exited,https://www.elium.com/
Emmi AI,emmi-ai,none,none:no-developer-program,"Emmi AI ships an open-source Python framework (emmiai-noether) and a CLI that run on the customer's own CPU/GPU/SLURM hardware - there is no hosted service and no API: no api./app./platform./console./mcp. host resolves under emmi.ai, and every contract-discovery probe (openapi.json, agent-card.json, agent.json, every /.well-known/ path on both emmi.ai and noether-docs.emmi.ai) returned 404 or NXDOMAIN.",ai-data,acquired,https://www.emmi.ai/
Evaneos,evaneos,undisclosed,gated:sales-gate,"The only API Evaneos markets is a partner/affiliate product-feed API offered on request via partner.evaneos.net (""we can provide an API with multiple product feed options""), with no reference, no spec and no developer portal — developer.evaneos.com and docs.evaneos.com do not resolve, and www.evaneos.com/openapi.json returns 404.",consumer,active,http://www.evaneos.com/
Finalcad,finalcad,programmable,published-contract,,saas,acquired,http://www.finalcad.com/
Fipto,fipto,programmable,published-contract,,blockchain,active,https://fipto.com
Formality,formality,programmable,published-contract,,ai-data,active,https://www.formality.com/
Full Speed Automation,vitesse,none,none:no-developer-program,"Vitesse ships its physical-AI automation platform only as an end-user product — a login-gated React application at app.vitesse.dev plus on-premise edge controllers — and its eight-URL sitemap contains no docs, API, developer or pricing page at all; the two product backends found in the app bundle (fleet.vitesse.dev, conversations.vitesse.dev) publish no specification and return the identical status for a nonsense control path as for every real one, so no developer API is marketed, documented, or provably present.",unknown,active,https://www.vitesseautomation.com/
Goodvest,goodvest,none,none:no-developer-program,"Goodvest ships only end-user web and mobile clients; its private gunicorn backend at api.goodvest.fr returns 404 at the root and on every OpenAPI, GraphQL, MCP and /.well-known/ path probed, and the 802-URL public sitemap contains no developer, reference or API page at all.",climate-tech,active,https://www.goodvest.fr/
H,h-company,programmable,published-contract,,unknown,active,https://hcompany.ai/
Habiteo,habiteo,programmable,published-contract,,saas,acquired,https://www.habiteo.com/
Helios,helios,none,none:no-developer-program,"helios is a consumer neobank that ships only an end-user mobile and web banking app — it publishes no developer portal, API reference, SDK or webhook surface, and as a payment services agent of OKALI (REGAFI 731225) it exposes no PSD2 dedicated interface of its own; /openapi.json, /graphql, /mcp, /api and every /.well-known/ path return a real 404 on www.helios.do (a nonsense control path also 404s, so these are not soft-404s), and certificate-transparency enumeration of *.helios.do lists app, backoffice, blog, email, go, help and meta but no api.* host of any kind.",climate-tech,acquired,https://www.helios.do/
Heuritech,heuritech,programmable,contract-and-agent-surface,,ai-data,active,http://heuritech.com/
Hull,hull,programmable,contract-and-agent-surface,,ai-data,acquired,https://www.hull.io/
iBanFirst,ibanfirst,programmable,contract-and-agent-surface,,fintech-insurtech,acquired,https://www.ibanfirst.com/
iContainers,icontainers,programmable,published-contract,,marketplace,acquired,https://www.icontainers.com/
Implicity,implicity,undisclosed,gated:sales-gate,"Implicity's IT-teams page advertises a ""comprehensive API and integration framework for seamless data exchange with core hospital systems"" but publishes no reference for it — the only route to it is the Request-a-Demo form, and the live API host api.implicity.com answers a bare text/plain ""Not Found"" on all 21 paths probed, including /openapi.json, /graphql, /metadata and /.well-known/smart-configuration.",healthtech,active,https://www.implicity.com/
Inato,inato,none,none:no-developer-program,"Inato ships software only as an end-user web application at marketplace.inato.com; api.inato.com, developer.inato.com and docs.inato.com have no DNS record at all, and the only machine-to-machine documentation on its support host describes the calls Inato makes INTO CRIO's and eClinPro's APIs rather than any API of its own.",ai-data,active,http://www.inato.com/
Jam.gg,jam-gg,none,none:defunct,"Jam.gg never shipped an HTTP API, and the company is now listed Inactive by Y Combinator — its own web property cannot complete a TLS handshake on either host (jam.gg answers the ClientHello with TLS alert 80 internal_error from Netlify/AWS Global Accelerator, www.jam.gg answers with alert 40 handshake_failure from the Webflow proxy), piepacker.com has left DNS, and no api/docs/developers subdomain resolves, so the only reachable artifacts are the first-party SDK repositories on GitHub.",gaming,acquired,https://jam.gg/fr
Jimmy,jimmy,none,none:not-a-software-company,"Jimmy manufactures and operates nuclear high-temperature thermal generators and sells industrial heat on 20-year contracts, so there is nothing to expose as an API — api., docs. and developer.jimmy-energy.eu do not resolve in DNS and the Webflow marketing site 404s on every spec and /.well-known/ path probed.",climate-tech,active,https://www.jimmy-energy.eu/
Joy (ex-Privateaser),joy-io,none,none:no-developer-program,"Joy ships software only as an end-user product — a manager web/mobile app plus a hosted booking widget — and publishes no developer portal, API reference, OpenAPI, webhook catalogue or SDK; the private backend its own app calls, manager-api.privateaser.com (read from https://app.joy.io/config.js), returns HTTP 404 on /openapi.json and every other spec path and is gated by an AWS Cognito user pool, and the 90-article help-center index at faq.joy.io/llms.txt never uses the word ""api"".",marketplace,active,https://www.joy.io/
Kardinal,kardinal,programmable,published-contract,,saas,active,https://kardinal.ai/
kelvin,kelvin,programmable,contract-and-agent-surface,,climate-tech,active,https://www.go-kelvin.com/
Kili Technology,kili-technology,programmable,published-contract,,ai-data,active,https://kili-technology.com/
Kiute,kiute,none,none:defunct,"Kiute was acquired by Booksy on 2021-11-09 and the brand is fully retired — every path on every Kiute host returns a blanket HTTP 301 to booksy.com or biz.booksy.com, no api/docs/ developers subdomain resolves, and the wildcard TLS certificate on www.kiute.com expired on 2026-08-13 and is being served unrenewed.",marketplace,acquired,https://www.kiute.com/
Klarys,klarys,undisclosed,gated:customer-only-docs,"Klarys runs a Django REST Framework API with a live OpenAPI schema endpoint, but https://klarys.app/api/schema/?format=json answers HTTP 401 {""code"":1003,""error"":""User is unauthenticated""} with Content-Type application/vnd.oai.openapi+json — the spec is real and served only to an authenticated tenant, and there is no developer portal, API reference or pricing page anywhere on www.klarys.io (all 134 sitemap URLs walked).",saas,active,https://www.klarys.io/
Kleio,kleio,undisclosed,gated:sales-gate,"Kleio runs a real OAuth-protected platform API at api.kleio.ai — its Google Cloud API Gateway serves RFC 8414 authorization-server metadata naming an Auth0 issuer and a defined dynamic client registration route — but publishes no developer portal, API reference, OpenAPI or auth guide anywhere, and kleio.ai/pricing and kleio.ai/docs both 404, so the only route to the API is the ""Request a Demo"" form at kleio.ai/contact.",ai-data,active,https://www.kleio.ai/
Kotcha,kotcha,none,none:no-developer-program,"Kotcha is a consumer iOS/Android running-coach subscription from PACEUP SAS with no developer program at all — the marketing site has no /docs, /developers or /api route, api.kotcha.com and developer.kotcha.com are NXDOMAIN, and its Terms & Conditions section 6 explicitly prohibit ""accessing services through unauthorized means or automated methods"".",sporttech,active,https://www.kotcha.com/
Kotzilla,kotzilla,programmable,agent-surface-only,,ai-data,active,https://kotzilla.io/
Koyeb,koyeb,programmable,published-contract,,infrastructure,acquired,https://www.koyeb.com/
LaFourchette,lafourchette,programmable,published-contract,,consumer,acquired,http://www.lafourchette.com/
Launchmetrics,launchmetrics,undisclosed,api-listed-no-contract,,saas,exited,https://launchmetrics.com/
Lengow,lengow,programmable,published-contract,,saas,acquired,http://www.lengow.fr/
Leonardo.ai,leonardo-ai,programmable,published-contract,,ai-data,acquired,https://leonardo.ai/
Lifen,lifen,programmable,published-contract,,ai-data,active,https://www.lifen.fr/
Lokki,lokki,programmable,published-contract,,climate-tech,active,https://www.lokki.rent/
Malt,malt,programmable,contract-and-agent-surface,,marketplace,active,https://www.malt.fr/
May,may,none,none:no-developer-program,"May is a direct-to-consumer mobile health app for parents — the whole public surface is a 51-page WordPress marketing site in three locales plus a seven-collection Intercom help center whose only partner-facing section routes health professionals, press and partnerships to an email conversation, and the sole backend hostname in the company's public DNS (capig.may.app, found in certificate-transparency logs) is a dangling CNAME to a deleted AWS Kubernetes ingress load balancer in eu-west-3.",edtech,active,https://may-sante.com/
Melty,melty,undisclosed,unreadable:no-machine-readable-spec,"melty.fr is a WordPress consumer media site with no developer portal at all, and the only two documented HTTP APIs the company ever published — the self-hosted Kisee and Pasee identity servers on readthedocs — ship no OpenAPI, AsyncAPI, GraphQL SDL, Postman collection or JSON Schema in any of the 7 meltygroup GitHub repositories.",consumer,acquired,http://www.melty.fr/
Memo Bank,memo-bank,programmable,published-contract,,fintech-insurtech,active,https://memo.bank/
Metrobloks,metrobloks,none,none:not-a-software-company,"Metrobloks sells physical data-center capacity — halls, power, cooling and fiber cross-connects in seven metros — not software: its 54-URL Webflow sitemap contains no developer, API, docs, portal or login page at all, the ""Self-Perform Interconnect"" on its interconnection page is a customer pulling their own fiber rather than a software surface, and every /.well-known/* path returns a static ""Invalid .well-known request"" 404.",unknown,active,https://metrobloks.com
Mindee,mindee,programmable,published-contract,,ai-data,active,https://mindee.com/
MONI (Ex-Monisnap),monisnap,undisclosed,gated:sales-gate,"MONI markets a B2B ""Moni-as-a-Service"" remittance-as-a-service platform that Nickel and Bnext already embed, but ships it entirely through direct sales — there is no developer portal to gate: api., docs., developer., developers. and sandbox.monisnap.com all NXDOMAIN, and every /.well-known/ discovery path on the two live hosts 404s.",fintech-insurtech,active,https://www.monisnap.com/fr/
Naftiko,naftiko,unmeasured,never-enriched,,ai-data,active,https://naftiko.io/
Norbert Health,norbert-health,none,none:no-developer-program,"Norbert Health's entire public web presence is three pages (/, /about, /privacy-policy) with a ""Book a demo"" mailto as its only call to action; the sole API host, api.norberthealth.com, is a private AWS API Gateway backing the NORBERT Health Android app that answers HTTP 403 {""message"":""Forbidden""} on every path including the root.",healthtech,active,https://www.norberthealth.com/
Odaseva,odaseva,undisclosed,gated:customer-only-docs,"Odaseva ships a real, versioned Platform API — the first-party odaseva-cli binary is a REST client for it and exposes an --apiVersion selector — but every path on its host api.odaseva.com answers a Salesforce My Domain 401 login challenge, and the reference that would describe it lives only in the customer knowledge base behind platform.odaseva.com/CBR; there is no developer subdomain at all (docs., developer., api-docs. and ten other candidates are NXDOMAIN) and the 376-URL sitemap contains no API, developer or documentation URL.",ai-data,active,https://www.odaseva.com/
Onibi,onibi,none,none:no-developer-program,"Onibi is a pre-release consumer game studio whose entire web presence is three static pages (Studio, Career, Contact) plus a nine-language marketing site for the unreleased Tomo: Endless Blue — the Steam page promises the game will be moddable but no modding API, SDK or developer documentation exists yet, and the only HTTP API on any Onibi host is /api/ on the product site, which its own robots.txt disallows; onibi.gg answers HTTP 200 with the same 43KB homepage for /openapi.json and every other probed path, so its 200s are soft-404s, while tomoendlessblue.com returns real 404s for all of them.",unknown,active,http://onibi.gg/
Opsmill,opsmill,programmable,published-contract,,ai-data,active,https://www.opsmill.com/
PandaScore,pandascore,programmable,published-contract,,ai-data,active,https://pandascore.co/welcome
Pelico,pelico,undisclosed,gated:sales-gate,"Pelico's platform page markets ""APIs to ingest new data sources and push actions into existing enterprise systems"", but there is no reference behind it — /docs, /developers, /api-docs and /pricing all 404, every conventional API subdomain (api, docs, developers, app, mcp) under pelico.ai is NXDOMAIN, and the 172-URL sitemap routes every API question to the /contact form.",ai-data,active,https://www.pelico.ai/
Pixeltable,pixeltable,programmable,agent-surface-only,,ai-data,active,https://www.pixeltable.com/
Polaron,polaron,undisclosed,gated:customer-only-docs,"Polaron ships no developer surface at all on its marketing site — the 22-URL sitemap has no /developers, /docs or /pricing entry — and the product's own backend at https://app.polaron.ai/api/ answers every path, including /api/openapi.json and /api/docs, with a blanket HTTP 401 {""detail"":""Unauthorized""}, so the contract is reachable only with an active tenant account.",ai-data,active,https://www.polaron.ai/
Poppins,poppins,none,none:no-developer-program,"Poppins ships a CE-marked consumer/clinical mobile app and nothing developer-facing — the sitemap's ~200 URLs contain no /developers, /api or /docs path, no api./developer./docs. poppins.io subdomain resolves, and the customer app's own backend is an undocumented private AWS API Gateway stage (le2svivnk3.execute-api.eu-west-3.amazonaws.com/public-paid/*) reached only from the SPA, not a published API.",ai-data,active,https://www.poppins.io/
Powder,powder,none,none:defunct,"Powder shipped only a consumer Windows desktop clipping app with no public API, portal or SDK, and the company has since wound down — its apex host powder.gg now 301-redirects every path, including /openapi.json and every /.well-known/ path, to a first-party notice saying the app is no longer updated or maintained.",gaming,active,https://powder.gg/
Prestashop,prestashop,programmable,published-contract,,marketplace,acquired,http://www.prestashop.com/
Pretto,pretto,undisclosed,gated:customer-only-docs,"Pretto's API reference route exists at https://api.pretto.fr/api-docs but is protected by HTTP Basic auth (401), and the developers.pretto.fr ReadMe hub 302s to /inactive and then 401s — while sibling paths on the same API host return 404, so the gate is real and the contract is issued only to Pretto Galaxie broker partners under agreement, never published.",fintech-insurtech,active,https://www.pretto.fr/
Prixtel,prixtel,none,none:no-developer-program,"Prixtel is a retail MVNO that sells flexible mobile subscriptions to human consumers and ships software only as an end-user phone app — there is no /developpeurs, /developers, /api or /docs page, no GitHub organization (api.github.com/orgs/prixtel is 404), and zero first-party packages across nine registries; api.prixtel.com resolves to a live nginx origin that serves the mobile app but answers 404 on its root and on every spec, GraphQL, MCP and well-known path probed against it.",consumer,exited,https://www.prixtel.com/
Probabl,probabl,programmable,published-contract,,open-source,active,https://probabl.ai/
PyannoteAI,pyannoteai,programmable,published-contract,,ai-data,active,https://pyannote.ai/
Qualtera,qualtera,none,none:defunct,"Qualtera was absorbed into Synopsys in June 2020; qualtera.com is now delegated to Synopsys nameservers and 301-redirects every path — including /.well-known/agent-card.json, /openapi.json and /llms.txt — to the Synopsys Silicon Lifecycle Management page, while https://qualtera.com refuses the TLS handshake, so no Qualtera-owned surface remains to read.",ai-data,acquired,https://www.qualtera.com/
Quandela,quandela,programmable,published-contract,,quantum,active,https://www.quandela.com/
Quantilia,quantilia,undisclosed,gated:customer-only-docs,"Quantilia markets API delivery (""Output as files, dashboards, or API feeds for downstream systems"") and runs a live API host at api.quantilia.com, but that host answers HTTP 403 Forbidden from nginx to every unauthenticated request including ""/"", and the 48-page public sitemap contains no developer portal, API reference or specification of any kind — the contract is only reachable with a signed client agreement.",ai-data,exited,https://www.quantilia.com/
Rainbow,riverse,undisclosed,gated:customer-only-docs,"Rainbow's own published fee schedule confirms an API exists — ""Rainbow does not charge additional costs for retirement, transfers or API connections"" — but the connection is only available to Arc/Registry account holders and not one of the 163 public documentation pages describes an endpoint, base URL, auth model or spec.",climate-tech,active,https://www.rainbowstandard.io/
Roofline,roofline,undisclosed,gated:sales-gate,"All three Roofline products — SDK, Runtime and Performance Dashboard — end at the same sentence, ""Just reach out through our Contact Us form"", and the only ""view docs"" link on those pages resolves to github.com/RooflineAI, an org whose own profile README disclaims its repos as ""not a Roofline AI product"".",ai-data,active,https://www.roofline.ai/
RSI Video Technologies,rsi-video-technologies,none,none:defunct,"videofied.com is no longer a company site - it is a bare Azure App Service redirector (serving the Azure wildcard *.azurewebsites.net certificate, which does not even match the hostname) that 301s the brand's old marketing paths into resideo.com and honeywellhome.com and 404s everything else, while www.videofied.com and rsivideotech.com return NXDOMAIN and rsivideo.com is a parked lander; Honeywell bought RSI Video Technologies in March 2016 and the Videofied line now belongs to Resideo, so there is no RSI-operated developer surface left to read.",unknown,acquired,https://www.videofied.com/
Santé Académie,santeacademie,programmable,published-contract,,edtech,active,http://www.santeacademie.com/
SantéVet,santevet,programmable,published-contract,,consumer,acquired,https://www.santevet.com/
Sarus,sarus,programmable,published-contract,,ai-data,active,https://sarus.tech/
Seiza,seiza,none,none:defunct,"Seiza was acquired by Adzuna on 2024-11-18 and has now been fully decommissioned rather than redirected — seiza.co holds a live registration to 2027 but its GoDaddy delegation answers REFUSED, so the apex, www, api, docs and app hosts all return SERVFAIL and no HTTP connection can be opened; the profile's inherited seiza.fr URL is an unrelated GoDaddy Website Builder page (""Find Your Zen"") whose only machine-readable file is a GoDaddy-generated llms.txt, and while the real site was live it published 23 pre-built ATS connectors with bespoke integrations routed through sales but never a public API, developer portal or specification of any kind.",saas,acquired,https://seiza.fr/
Selectron,selectron,none,none:no-developer-program,"Selectron builds embedded rail control software that runs on its own on-vehicle hardware and ships its engineering toolchain (Symphony Suite) as licensed Windows desktop applications downloaded from the login-gated Cockpit portal — there is no web API, developer portal or machine-readable contract anywhere on selectron.ch, and api./developer./docs.selectron.ch do not resolve.",unknown,acquired,https://www.selectron.ch/de/index.php
Sequans,sequans,programmable,agent-surface-only,,unknown,ipo,http://www.sequans.com/
Shadow,shadow,undisclosed,api-listed-no-contract,,ai-data,acquired,https://shadow.tech/
Silvr,silvr,none,none:defunct,"Silvr Groupe SAS declared cessation of payments in June 2025 and on 2 December 2025 the Nanterre court awarded Karmen the takeover of all its assets bar the non-performing loan portfolio, so silvr.co is now a Webflow marketing archive whose apply and login buttons redirect to app.karmen.io; the embedded-finance partner API it once marketed never had a public reference and every spec, /.well-known and developer-host probe returns 404 or NXDOMAIN.",fintech-insurtech,exited,https://silvr.co/
Switstack,switstack,programmable,published-contract,,fintech-insurtech,active,https://www.switstack.io/
TextMaster,textmaster,programmable,contract-and-agent-surface,,saas,acquired,https://fr.textmaster.com/
TVTY,tvty,none,none:defunct,"TVTY was acquired by Nielsen in July 2021 and absorbed into its TV attribution business; tvty.tv still resolves and is renewed through MarkMonitor, but nothing listens on port 80 or 443, no www/api/docs/developer subdomain resolves, and the Internet Archive's last successful capture is 2023-06-08 before the host began 301-redirecting to an unrelated domain.",unknown,acquired,http://www.tvty.tv/
Underdog,underdog,programmable,contract-and-agent-surface,,climate-tech,active,https://underdog.shop/
Uniphore,uniphore,programmable,published-contract,,ai-data,active,https://www.uniphore.com/
Uptime,uptime,none,none:defunct,"Uptime SAS was put into liquidation judiciaire by the Paris Commercial Court on 2022-10-20 with a plan de cession to SAS Otis, and its uptime.ac domain has since lapsed — every path, including /openapi.json and /.well-known/*, now 301-redirects to https://www.investwithcoin.com/how-it-works/ and on to an unrelated gambling site, so the prior common[] Website pointer to www.uptime.ac was removed rather than left pointing at a third party's server.",ai-data,exited,https://www.uptime.ac/
Vekia,vekia,none,none:no-developer-program,"Vekia sells Vekia Engine as an enterprise supply-chain platform that its own team wires into a customer's ERP, and publishes no developer program at all — api.vekia.fr, docs.vekia.fr and developer.vekia.fr do not resolve, /developers and /api return the site 404, and the only machine-readable surfaces on www.vekia.fr are its WordPress REST namespace and an OAuth-gated WordPress MCP endpoint, neither of which is the product API.",ai-data,acquired,https://www.vekia.fr/
Waiv,waiv,unmeasured,never-enriched,,ai-data,active,https://wearewaiv.com/
Wazo,wazo,programmable,published-contract,,saas,active,https://wazo.io/
Wecasa,wecasa,unmeasured,never-enriched,,consumer,active,https://www.wecasa.fr/
